product_brand,product_product,price,discount,orignal_price
Roadster,Solid Sweatshirt,Rs. 584,(55% OFF),Rs. 1299
Roadster,Self Design Sweater,Rs. 764,(55% OFF),Rs. 1699
Roadster,Women Colourblocked Sweatshirt,Rs. 719,(60% OFF),Rs. 1799
STREET 9,Acrylic Pullover Sweater,Rs. 1146,(63% OFF),Rs. 3099
H&M,Printed Sweatshirt,Rs. 974,(35% OFF),Rs. 1499
H&M,Women Striped Jumper,Rs. 799,no discount,no orignal
H&M,Women Sweatshirt,Rs. 779,(40% OFF),Rs. 1299
Roadster,Women Cable Knit Pullover,Rs. 645,(66% OFF),Rs. 1899
Chemistry,Women Hooded Sweatshirt,Rs. 679,(66% OFF),Rs. 1999
DressBerry,Striped Pullover,Rs. 639,(60% OFF),Rs. 1599
Roadster,Hooded Green Turn Sweatshirt,Rs. 719,(55% OFF),Rs. 1599
STREET 9,Cable Knit Pullover Sweaters,Rs. 909,(65% OFF),Rs. 2599
DressBerry,Women Striped Pullover,Rs. 560,(67% OFF),Rs. 1699
H&M,Cropped Zip-Through Hoodie,Rs. 1399,no discount,no orignal
Roadster,Women Solid Sweater,Rs. 441,(66% OFF),Rs. 1299
DressBerry,New York Printed Sweatshirt,Rs. 721,(62% OFF),Rs. 1899
H&M,Oversized Printed Sweatshirt,Rs. 1494,(35% OFF),Rs. 2299
ADBUCKS,Hooded Sweatshirt,Rs. 949,(Rs. 1050 OFF),Rs. 1999
DressBerry,V-Neck Ribbed Pullover,Rs. 503,(64% OFF),Rs. 1399
H&M,Barbie Motif-Detail Sweatshirt,Rs. 1139,(40% OFF),Rs. 1899
H&M,Women Hooded Top,Rs. 1299,no discount,no orignal
DressBerry,Women Colourblocked Sweatshirt,Rs. 679,(60% OFF),Rs. 1699
H&M,Oversized Zip-Through Hoodie,Rs. 1099,(45% OFF),Rs. 1999
H&M,Oversized Print-Motif Hoodie,Rs. 1484,(45% OFF),Rs. 2699
Mast & Harbour,Cami Top and Cardigan Set,Rs. 1199,(60% OFF),Rs. 2999
Tokyo Talkies,Women Turtle Neck Pullover,Rs. 703,(78% OFF),Rs. 3199
H&M,Oversized Printed Sweatshirt,Rs. 1494,(35% OFF),Rs. 2299
DressBerry,Women Pullover,Rs. 899,(60% OFF),Rs. 2249
Tokyo Talkies,Women Colourblocked Pullover,Rs. 601,(72% OFF),Rs. 2149
H&M,Hooded Top,Rs. 1299,no discount,no orignal
Roadster,Women Solid Sweatshirt,Rs. 683,(62% OFF),Rs. 1799
H&M,Women Oversized Sweatshirt,Rs. 844,(35% OFF),Rs. 1299
DressBerry,Women Striped Pullover,Rs. 813,(63% OFF),Rs. 2199
H&M,Graphic Printed Sweatshirts,Rs. 1099,(45% OFF),Rs. 1999
DressBerry,Women Solid Front-Open Sweater,Rs. 665,(64% OFF),Rs. 1849
Roadster,Solid Hooded Sweatshirt,Rs. 584,(55% OFF),Rs. 1299
Athena,Printed Fleece Pullover,Rs. 773,(57% OFF),Rs. 1799
max,Women Solid Hooded Sweatshirt,Rs. 799,no discount,no orignal
SASSAFRAS,Woollen Sweater Vest,Rs. 799,(60% OFF),Rs. 1999
all about you,Cable Knit Poncho Sweater,Rs. 869,(70% OFF),Rs. 2899
Roadster,Women Hooded Sweatshirt,Rs. 569,(70% OFF),Rs. 1899
Roadster,Ribbed High-Neck Boxy Pullover,Rs. 899,(55% OFF),Rs. 1999
DressBerry,Ribbed Acrylic Pullover,Rs. 559,(60% OFF),Rs. 1399
Roadster,Women Ribbed Pullover,Rs. 679,(60% OFF),Rs. 1699
HRX by Hrithik Roshan,High-Neck Outdoor Sweatshirt,Rs. 713,(58% OFF),Rs. 1699
DressBerry,V-Neck Ribbed Pullover,Rs. 559,(60% OFF),Rs. 1399
DressBerry,Embroidered Detail Cardigan,Rs. 699,(65% OFF),Rs. 1999
U.S. Polo Assn. Women,Brand Logo Print Sweatshirt,Rs. 1429,(35% OFF),Rs. 2199
H&M,Women Fine-Knit Cardigan,Rs. 714,(45% OFF),Rs. 1299
DressBerry,Women Cable Knit Pullover,Rs. 734,(65% OFF),Rs. 2099
