title,price,rating,in_stock
Frankenstein,£38.00,Two,In stock
Forever Rockers (The Rocker #12),£28.80,Three,In stock
Fighting Fate (Fighting #6),£39.24,Three,In stock
Emma,£32.93,Two,In stock
"Eat, Pray, Love",£51.32,Three,In stock
Deep Under (Walker Security #1),£47.09,Five,In stock
Choosing Our Religion: The Spiritual Lives of America's Nones,£28.42,Four,In stock
Charlie and the Chocolate Factory (Charlie Bucket #1),£22.85,Three,In stock
Charity's Cross (Charles Towne Belles #4),£41.24,One,In stock
Bright Lines,£39.07,Five,In stock
Bridget Jones's Diary (Bridget Jones #1),£29.82,One,In stock
Bounty (Colorado Mountain #7),£37.26,Four,In stock
Blood Defense (Samantha Brinkman #1),£20.30,Three,In stock
"Bleach, Vol. 1: Strawberry and the Soul Reapers (Bleach #1)",£34.65,Five,In stock
Beyond Good and Evil,£43.38,One,In stock
Alice in Wonderland (Alice's Adventures in Wonderland #1),£55.53,One,In stock
"Ajin: Demi-Human, Volume 1 (Ajin: Demi-Human #1)",£57.06,Four,In stock
A Spy's Devotion (The Regency Spies of London #1),£16.97,Five,In stock
1st to Die (Women's Murder Club #1),£53.98,One,In stock
"1,000 Places to See Before You Die",£26.08,Five,In stock
